$k_{c}$,$k_{s}$,$evr$,$h_{b}$,$l_{c}$,$l_{s}$,friction C,friction p,friction q,bed angle,surface parabola,$melt rate$,$Q_{in}$,seasonal melt flag,$h_{el}$ flag,ID,Name,Notes
1e-1,2e-2,1e-4,1e-1,20,5,1e2,4,1,0.0075,1.1,0.25,10,0,1,1,Default,`Default run'
2.5e-1,2e-2,1e-4,1e-1,20,5,1e2,4,1,0.0075,1.1,0.25,10,0,1,2,HiChK,`High channel conductivity'
1e-2,2e-2,1e-4,1e-1,20,5,1e2,4,1,0.0075,1.1,0.25,10,0,1,3,LoChK,`Low channel conductivity'
1e-1,5e-2,1e-4,1e-1,20,5,1e2,4,1,0.0075,1.1,0.25,10,0,1,4,HiShK,`High sheet conductivity'
1e-1,5e-3,1e-4,1e-1,20,5,1e2,4,1,0.0075,1.1,0.25,10,0,1,5,LoShK,`Low sheet conductivity'
1e-1,2e-2,1e-4,2e-1,20,5,1e2,4,1,0.0075,1.1,0.25,10,0,1,8,HiBedBum,`High basal bump height'
1e-1,2e-2,1e-4,5e-2,20,5,1e2,4,1,0.0075,1.1,0.25,10,0,1,9,LoBedBum,`Low basal bump height'
1e-1,2e-2,1e-4,1e-1,50,5,1e2,4,1,0.0075,1.1,0.25,10,0,1,10,HiChWid,`High channel sheet width'
1e-1,2e-2,1e-4,1e-1,5,5,1e2,4,1,0.0075,1.1,0.25,10,0,1,11,LoChWid,`Low channel sheet width'
1e-1,2e-2,1e-4,1e-1,20,20,1e2,4,1,0.0075,1.1,0.25,10,0,1,12,HiCavSp,`High sheet cavity spacing'
1e-1,2e-2,1e-4,1e-1,20,1,1e2,4,1,0.0075,1.1,0.25,10,0,1,13,LoCavSp,`Low sheet cavity spacing'
1e-1,2e-2,1e-4,1e-1,20,5,1e2,4,1,0.0075,1.1,5,10,0,1,22,HiMelt,`High basal melt rate'
1e-1,2e-2,1e-4,1e-1,20,5,1e2,4,1,0.0075,1.1,0.1,10,0,1,23,LoMelt,`Low basal melt rate'
1e-1,2e-2,1e-4,1e-1,20,5,1e2,4,1,0.0075,1.1,0.25,20,0,1,24,HiQin,`High lake input'
1e-1,2e-2,1e-4,1e-1,20,5,1e2,4,1,0.0075,1.1,0.25,5,0,1,25,LoQin,`Low lake input'